corpus,k,n,vocab,seed_stability,reconstruction_error,all_converged,npmi,topic_diversity,min_dominant_n
RQ1,2,145,596,0.9999999999993143,11.502420743121233,True,0.1584976614262187,1.0,59
RQ1,3,145,596,0.9999999457939189,11.374980080674803,True,0.18455924211715202,1.0,41
RQ1,4,145,596,0.9999999952063373,11.269058043983202,True,0.16083645429230303,0.975,22
RQ1,5,145,596,0.9976232567275991,11.173556444436983,True,0.18531230008296462,0.94,20
RQ1,6,145,596,0.9999974139000039,11.081314623368526,True,0.1743698731369353,0.95,15
RQ1,7,145,596,0.9999971591526755,10.98871679568351,True,0.22896087759067127,0.9428571428571428,14
RQ2,2,137,449,0.9999999999744201,11.175393754675436,True,0.11545311145293378,0.95,38
RQ2,3,137,449,0.9999999998859994,11.025066934940602,True,0.12659166588108953,0.9333333333333333,26
RQ2,4,137,449,0.9999999998628958,10.89746344213878,True,0.19427832912790005,0.95,15
RQ2,5,137,449,0.999999999305118,10.782215204830633,True,0.1959082018239483,0.94,7
RQ2,6,137,449,0.96315915719477,10.676120567304519,True,0.20178292114620558,0.9333333333333333,7
RQ2,7,137,449,0.9999999987390243,10.578701769451985,True,0.20626603814500463,0.9142857142857143,6
RQ3,2,104,319,0.9999999999971549,9.749177248808952,True,-0.029100752073659544,0.95,32
RQ3,3,104,319,0.9999999996386245,9.618645423385512,True,-0.0850271520785778,0.9333333333333333,25
RQ3,4,104,319,0.9999994607762286,9.501876303996365,True,-0.07917849232867685,0.95,18
RQ3,5,104,319,0.9999996966176807,9.386864064901305,True,-0.024810049469971028,0.96,14
RQ3,6,104,319,0.999999841237514,9.278665219060516,True,-0.05224289993465381,0.95,10
RQ3,7,104,319,0.9414032125552083,9.176533399631625,True,-0.024156642928971787,0.9714285714285714,8
RQ3_extended,2,134,390,0.999999999996423,11.13135000647449,True,0.12314963596260367,1.0,58
RQ3_extended,3,134,390,0.9999999996345391,11.001152144722122,True,0.12728000326847808,1.0,35
RQ3_extended,4,134,390,0.9999999992283983,10.890432041344079,True,0.11402882281809112,0.95,21
RQ3_extended,5,134,390,0.9999999372360435,10.78936363086908,True,0.05800073421296729,0.98,20
RQ3_extended,6,134,390,0.9999999998825947,10.690145822387915,True,0.07256923224515814,0.9833333333333333,14
RQ3_extended,7,134,390,0.8865876802529318,10.586290750564311,True,0.02587356935776852,0.9571428571428572,11
