corpus,topic,label,n_complete,first_round,last_round,first_mean,last_mean,paired_change,ci_low,ci_high
RQ1,1,语言表达与篇章组织,32,1,4,0.3455488902326239,0.35551755556074216,0.009968665328118284,-0.13447718855507748,0.14876022681759865
RQ1,2,引导性问题及其适用性,32,1,4,0.1841750185474501,0.2855799360812412,0.10140491753379105,0.0014848664737636798,0.1978788767805194
RQ1,3,研究概念与证据核查,32,1,4,0.24561957868815046,0.24428357864425296,-0.0013360000438975006,-0.10595199043706888,0.10622682857558306
RQ1,4,分步指导与理解支持,32,1,4,0.22465651253177557,0.11461892971376372,-0.11003758281801185,-0.21332806752052236,-0.017068874673221344
RQ2,1,补充研究内容与解释,27,1,4,0.36384244457128956,0.523534939363596,0.15969249479230654,-0.00044776752639221753,0.3263891134506396
RQ2,2,语言格式修改及有限修改,27,1,4,0.46959705169635524,0.2924446747216941,-0.17715237697466119,-0.35136443397755274,-0.008343495729539532
RQ2,3,围绕问题补充或核对回答,27,1,4,0.16656050373235523,0.1840203859147099,0.01745988218235467,-0.12436691007251352,0.16331220432774363
RQ3,1,研究理解与批判性解释,30,1,3,0.320613996785709,0.3743087991395842,0.05369480235387518,-0.09535845891827364,0.21099818661507053
RQ3,2,回答展开与任务要求意识,30,1,3,0.16129277373694575,0.2228323173053123,0.06153954356836653,-0.0825713759613861,0.21293185278120205
RQ3,3,有限收获与改变写法的反思,30,1,3,0.2904722752831737,0.1694500881225224,-0.12102218716065129,-0.24499089605612298,0.0015432545486749587
RQ3,4,提问策略与自我检查,30,1,3,0.2276209541941715,0.23340879543258103,0.005787841238409563,-0.11207022560502654,0.13144278401027856
RQ3_extended,1,提问与引导策略,25,1,4,0.16604561208624738,0.2317367493003627,0.06569113721411536,-0.08828698660646307,0.21421079164061982
RQ3_extended,2,研究理解与解释,25,1,4,0.38098482026945824,0.13236518971918684,-0.24861963055027136,-0.39626345687521386,-0.11269192672503514
RQ3_extended,3,收获评价与情绪挑战（混合）,25,1,4,0.3039523117549927,0.45548805948249255,0.15153574772749986,-0.0560448160450959,0.35260433848774075
RQ3_extended,4,回答要求与工作表体验,25,1,4,0.14901725588930173,0.18041000149795786,0.03139274560865612,-0.1299116181592776,0.19229878893404814
