corpus,setting,topic,label,n,aligned_similarity,first_mean,last_mean,change
RQ1,include_short,1,语言表达与篇章组织,146,0.9998947664433931,0.3040563090133469,0.3530427619764229,0.04898645296307602
RQ1,include_short,2,引导性问题及其适用性,146,0.9998947664433931,0.18180274723086567,0.2715315996458438,0.0897288524149781
RQ1,include_short,3,研究概念与证据核查,146,0.9998947664433931,0.22281977888100804,0.24592745064211613,0.02310767176110809
RQ1,include_short,4,分步指导与理解支持,146,0.9998947664433931,0.29132116487477944,0.1294981877356172,-0.16182297713916224
RQ1,document_df_only,1,语言表达与篇章组织,145,0.9945380041010053,0.3021849490458018,0.33431536424932456,0.03213041520352278
RQ1,document_df_only,2,引导性问题及其适用性,145,0.9945380041010053,0.16917458025382226,0.2739220572656425,0.10474747701182024
RQ1,document_df_only,3,研究概念与证据核查,145,0.9945380041010053,0.22054559793359302,0.2520453477409138,0.03149974980732079
RQ1,document_df_only,4,分步指导与理解支持,145,0.9945380041010053,0.308094872766783,0.13971723074411915,-0.16837764202266384
RQ1,exclude_editorial,1,语言表达与篇章组织,144,0.998976657085012,0.3039983656885303,0.3367567957218035,0.03275843003327322
RQ1,exclude_editorial,2,引导性问题及其适用性,144,0.998976657085012,0.1861646417259047,0.2835093594904613,0.09734471776455661
RQ1,exclude_editorial,3,研究概念与证据核查,144,0.998976657085012,0.2281117134079901,0.25419593138537105,0.026084217977380947
RQ1,exclude_editorial,4,分步指导与理解支持,144,0.998976657085012,0.2817252791775749,0.12553791340236417,-0.15618736577521072
RQ1,min_15_words,1,语言表达与篇章组织,140,0.9878687618608697,0.2918418392801104,0.3030950419690692,0.011253202688958797
RQ1,min_15_words,2,引导性问题及其适用性,140,0.9878687618608697,0.14940188040357785,0.2671693186702291,0.11776743826665123
RQ1,min_15_words,3,研究概念与证据核查,140,0.9878687618608697,0.2060250961348456,0.2607945907841643,0.054769494649318684
RQ1,min_15_words,4,分步指导与理解支持,140,0.9878687618608697,0.3527311841814661,0.16894104857653736,-0.18379013560492874
RQ1,deduplicate_text,1,语言表达与篇章组织,144,0.9928154431437589,0.2978130489300733,0.33446118205826003,0.03664813312818671
RQ1,deduplicate_text,2,引导性问题及其适用性,144,0.9928154431437589,0.20942493891096048,0.2925790896263155,0.08315415071535504
RQ1,deduplicate_text,3,研究概念与证据核查,144,0.9928154431437589,0.21689321716558665,0.25739046842276087,0.04049725125717421
RQ1,deduplicate_text,4,分步指导与理解支持,144,0.9928154431437589,0.2758687949933796,0.11556925989266356,-0.160299535100716
RQ2,include_short,1,补充研究内容与解释,138,0.9996107353491581,0.37868252135082375,0.4388099943496811,0.060127472998857345
RQ2,include_short,2,语言格式修改及有限修改,138,0.9996107353491581,0.45180609629734186,0.31000469472825815,-0.14180140156908372
RQ2,include_short,3,围绕问题补充或核对回答,138,0.9996107353491581,0.16951138235183436,0.2511853109220607,0.08167392857022635
RQ2,document_df_only,1,补充研究内容与解释,137,0.9923685854882484,0.37298641160303503,0.4306217373076614,0.05763532570462637
RQ2,document_df_only,2,语言格式修改及有限修改,137,0.9923685854882484,0.4503130777087813,0.3113584929722283,-0.13895458473655303
RQ2,document_df_only,3,围绕问题补充或核对回答,137,0.9923685854882484,0.1767005106881836,0.2580197697201103,0.08131925903192672
RQ2,exclude_editorial,1,补充研究内容与解释,137,1.0000000000000002,0.37790086111505494,0.43825355974309205,0.060352698628037105
RQ2,exclude_editorial,2,语言格式修改及有限修改,137,1.0000000000000002,0.4527114790134457,0.3106822473774454,-0.14202923163600034
RQ2,exclude_editorial,3,围绕问题补充或核对回答,137,1.0000000000000002,0.16938765987149926,0.25106419287946263,0.08167653300796338
RQ2,min_15_words,1,补充研究内容与解释,127,0.9947680732181676,0.3476557104660689,0.4067494215242505,0.059093711058181564
RQ2,min_15_words,2,语言格式修改及有限修改,127,0.9947680732181676,0.4701220809700589,0.3394932719699736,-0.13062880900008533
RQ2,min_15_words,3,围绕问题补充或核对回答,127,0.9947680732181676,0.18222220856387225,0.2537573065057759,0.07153509794190363
RQ2,deduplicate_text,1,补充研究内容与解释,136,0.9903077520059874,0.3752923748822036,0.4488171194781434,0.07352474459593977
RQ2,deduplicate_text,2,语言格式修改及有限修改,136,0.9903077520059874,0.4513131807196357,0.32109847722204243,-0.1302147034975933
RQ2,deduplicate_text,3,围绕问题补充或核对回答,136,0.9903077520059874,0.17339444439816062,0.2300844032998141,0.05668995890165349
RQ3,include_short,1,研究理解与批判性解释,105,0.9147524423641918,0.36134926253372657,0.40613272937623174,0.04478346684250517
RQ3,include_short,2,回答展开与任务要求意识,105,0.9147524423641918,0.12097046221988307,0.23382754310181714,0.11285708088193407
RQ3,include_short,3,有限收获与改变写法的反思,105,0.9147524423641918,0.2642681915504928,0.18683497033345442,-0.07743322121703838
RQ3,include_short,4,提问策略与自我检查,105,0.9147524423641918,0.2534120836958977,0.1732047571884967,-0.08020732650740098
RQ3,document_df_only,1,研究理解与批判性解释,104,0.7692714876108631,0.33061254172245513,0.3498165889549929,0.01920404723253777
RQ3,document_df_only,2,回答展开与任务要求意识,104,0.7692714876108631,0.15530306669648375,0.2812686490594127,0.12596558236292893
RQ3,document_df_only,3,有限收获与改变写法的反思,104,0.7692714876108631,0.2856229774194101,0.20112240472812912,-0.084500572691281
RQ3,document_df_only,4,提问策略与自我检查,104,0.7692714876108631,0.22846141416165106,0.16779235725746533,-0.060669056904185725
RQ3,exclude_editorial,1,研究理解与批判性解释,104,0.9999999786823254,0.33474057187043815,0.38394985240945534,0.049209280539017186
RQ3,exclude_editorial,2,回答展开与任务要求意识,104,0.9999999786823254,0.14464948182205242,0.21259908054728577,0.06794959872523335
RQ3,exclude_editorial,3,有限收获与改变写法的反思,104,0.9999999786823254,0.3110931031231679,0.18312002258446713,-0.12797308053870077
RQ3,exclude_editorial,4,提问策略与自我检查,104,0.9999999786823254,0.2095168431843415,0.22033104445879179,0.010814201274450291
RQ3,min_15_words,1,研究理解与批判性解释,100,0.9981117405372273,0.34366058132002647,0.40642282317879586,0.06276224185876939
RQ3,min_15_words,2,回答展开与任务要求意识,100,0.9981117405372273,0.14414381415569805,0.2181612753119555,0.07401746115625746
RQ3,min_15_words,3,有限收获与改变写法的反思,100,0.9981117405372273,0.2888060650813603,0.18281756066538007,-0.10598850441598023
RQ3,min_15_words,4,提问策略与自我检查,100,0.9981117405372273,0.22338953944291506,0.1925983408438684,-0.030791198599046665
RQ3,deduplicate_text,1,研究理解与批判性解释,104,0.9999999786823254,0.33474057187043815,0.38394985240945534,0.049209280539017186
RQ3,deduplicate_text,2,回答展开与任务要求意识,104,0.9999999786823254,0.14464948182205242,0.21259908054728577,0.06794959872523335
RQ3,deduplicate_text,3,有限收获与改变写法的反思,104,0.9999999786823254,0.3110931031231679,0.18312002258446713,-0.12797308053870077
RQ3,deduplicate_text,4,提问策略与自我检查,104,0.9999999786823254,0.2095168431843415,0.22033104445879179,0.010814201274450291
RQ3_extended,include_short,1,提问与引导策略,135,0.9998233625480174,0.15881315946463062,0.2227651873142851,0.06395202784965448
RQ3_extended,include_short,2,研究理解与解释,135,0.9998233625480174,0.42820830368757273,0.1266612191911685,-0.3015470844964042
RQ3_extended,include_short,3,收获评价与情绪挑战（混合）,135,0.9998233625480174,0.2957261801764883,0.4684818126593042,0.17275563248281595
RQ3_extended,include_short,4,回答要求与工作表体验,135,0.9998233625480174,0.11725235667130833,0.18209178083524216,0.06483942416393383
RQ3_extended,document_df_only,1,提问与引导策略,134,0.9915297455227091,0.15269525808795226,0.2256975808950858,0.07300232280713354
RQ3_extended,document_df_only,2,研究理解与解释,134,0.9915297455227091,0.4061528590815518,0.12842435359842233,-0.27772850548312944
RQ3_extended,document_df_only,3,收获评价与情绪挑战（混合）,134,0.9915297455227091,0.3051183076181867,0.47882734388204545,0.17370903626385875
RQ3_extended,document_df_only,4,回答要求与工作表体验,134,0.9915297455227091,0.13603357521230922,0.16705072162444648,0.031017146412137264
RQ3_extended,exclude_editorial,1,提问与引导策略,133,0.998359491990901,0.1621831939646324,0.23173382155981662,0.06955062759518421
RQ3_extended,exclude_editorial,2,研究理解与解释,133,0.998359491990901,0.40614710544125754,0.1167506189764186,-0.28939648646483895
RQ3_extended,exclude_editorial,3,收获评价与情绪挑战（混合）,133,0.998359491990901,0.31209935449238213,0.45571424375106634,0.1436148892586842
RQ3_extended,exclude_editorial,4,回答要求与工作表体验,133,0.998359491990901,0.11957034610172791,0.1958013157126985,0.07623096961097058
RQ3_extended,min_15_words,1,提问与引导策略,127,0.9981957481895007,0.16599692598222462,0.19881597995628156,0.03281905397405693
RQ3_extended,min_15_words,2,研究理解与解释,127,0.9981957481895007,0.3996746055697182,0.11820187230987113,-0.28147273325984706
RQ3_extended,min_15_words,3,收获评价与情绪挑战（混合）,127,0.9981957481895007,0.3121674184526596,0.4760437528731266,0.163876334420467
RQ3_extended,min_15_words,4,回答要求与工作表体验,127,0.9981957481895007,0.12216104999539758,0.20693839486072074,0.08477734486532316
RQ3_extended,deduplicate_text,1,提问与引导策略,134,0.9999999984503168,0.16316766323121734,0.2274766356832364,0.06430897245201905
RQ3_extended,deduplicate_text,2,研究理解与解释,134,0.9999999984503168,0.4120094360033667,0.12191998875277185,-0.2900894472505948
RQ3_extended,deduplicate_text,3,收获评价与情绪挑战（混合）,134,0.9999999984503168,0.30522762863726377,0.4678877361209397,0.16266010748367593
RQ3_extended,deduplicate_text,4,回答要求与工作表体验,134,0.9999999984503168,0.11959527212815217,0.18271563944305208,0.06312036731489991
