corpus,round,topic,label,n_model,dominant_n,mean_weight,ci_low,ci_high,interval
RQ1,1,1,语言表达与篇章组织,39,10,0.3049964967378093,0.2082991336984913,0.40611969543442084,"participant resampling, fixed topic model"
RQ1,1,2,引导性问题及其适用性,39,4,0.18126399420119643,0.12543042497542856,0.24571876914858365,"participant resampling, fixed topic model"
RQ1,1,3,研究概念与证据核查,39,13,0.2226861015785648,0.1375994135622619,0.31332984188303203,"participant resampling, fixed topic model"
RQ1,1,4,分步指导与理解支持,39,12,0.29105340748242947,0.19851491558828624,0.39339182651407517,"participant resampling, fixed topic model"
RQ1,2,1,语言表达与篇章组织,36,11,0.27822867221685055,0.1656297233583056,0.40242984186596786,"participant resampling, fixed topic model"
RQ1,2,2,引导性问题及其适用性,36,11,0.284335120556969,0.18826987958073618,0.39266159789718674,"participant resampling, fixed topic model"
RQ1,2,3,研究概念与证据核查,36,12,0.33191429858751414,0.21744846437055187,0.4525082958149747,"participant resampling, fixed topic model"
RQ1,2,4,分步指导与理解支持,36,2,0.10552190863866634,0.046895485251064746,0.1753343507766898,"participant resampling, fixed topic model"
RQ1,3,1,语言表达与篇章组织,35,8,0.28626351677682593,0.19848053367710586,0.3848944460244633,"participant resampling, fixed topic model"
RQ1,3,2,引导性问题及其适用性,35,10,0.2352258371577841,0.1324080282520641,0.3464243010472689,"participant resampling, fixed topic model"
RQ1,3,3,研究概念与证据核查,35,13,0.31898732866500773,0.21422676082075484,0.42846591815019924,"participant resampling, fixed topic model"
RQ1,3,4,分步指导与理解支持,35,4,0.15952331740038223,0.07864883947739834,0.26037416321999285,"participant resampling, fixed topic model"
RQ1,4,1,语言表达与篇章组织,35,13,0.33448380354557783,0.21934015683688443,0.4548405046714331,"participant resampling, fixed topic model"
RQ1,4,2,引导性问题及其适用性,35,8,0.279033719887667,0.17367250732928846,0.39637426277135224,"participant resampling, fixed topic model"
RQ1,4,3,研究概念与证据核查,35,10,0.2532232549766766,0.14610052266132909,0.3685517544368725,"participant resampling, fixed topic model"
RQ1,4,4,分步指导与理解支持,35,4,0.13325922159007847,0.06970860660537241,0.20878467179292168,"participant resampling, fixed topic model"
RQ2,1,1,补充研究内容与解释,37,14,0.37790086111505494,0.27107794239762556,0.4925443710034149,"participant resampling, fixed topic model"
RQ2,1,2,语言格式修改及有限修改,37,18,0.4527114790134457,0.34090565306520476,0.5697347670260893,"participant resampling, fixed topic model"
RQ2,1,3,围绕问题补充或核对回答,37,5,0.16938765987149926,0.0808042212811995,0.26947068092389964,"participant resampling, fixed topic model"
RQ2,2,1,补充研究内容与解释,34,14,0.4382680541410809,0.3048748344631059,0.5681795101547424,"participant resampling, fixed topic model"
RQ2,2,2,语言格式修改及有限修改,34,14,0.3414673587773603,0.22332956730986506,0.4749946355329303,"participant resampling, fixed topic model"
RQ2,2,3,围绕问题补充或核对回答,34,6,0.22026458708155883,0.11879284841263422,0.32995513038954444,"participant resampling, fixed topic model"
RQ2,3,1,补充研究内容与解释,33,18,0.49918201489003855,0.381039575816586,0.6223594120538766,"participant resampling, fixed topic model"
RQ2,3,2,语言格式修改及有限修改,33,9,0.3372450932694724,0.22822213102012975,0.44920050763636216,"participant resampling, fixed topic model"
RQ2,3,3,围绕问题补充或核对回答,33,6,0.1635728918404891,0.08668557872306669,0.2540084286010291,"participant resampling, fixed topic model"
RQ2,4,1,补充研究内容与解释,33,14,0.43825355974309205,0.31587393901322636,0.5663792512966332,"participant resampling, fixed topic model"
RQ2,4,2,语言格式修改及有限修改,33,10,0.3106822473774454,0.19636343717116875,0.4155874253500787,"participant resampling, fixed topic model"
RQ2,4,3,围绕问题补充或核对回答,33,9,0.25106419287946263,0.1477344181310616,0.3634980933771744,"participant resampling, fixed topic model"
RQ3,1,1,研究理解与批判性解释,38,12,0.33477714110718654,0.2328545253563133,0.43691318855439243,"participant resampling, fixed topic model"
RQ3,1,2,回答展开与任务要求意识,38,5,0.14462941297401455,0.07562678997448499,0.23226770423933252,"participant resampling, fixed topic model"
RQ3,1,3,有限收获与改变写法的反思,38,13,0.311015305652192,0.20713734946317106,0.4195430417290696,"participant resampling, fixed topic model"
RQ3,1,4,提问策略与自我检查,38,8,0.20957814026660687,0.13026264157630701,0.3049392630370407,"participant resampling, fixed topic model"
RQ3,2,1,研究理解与批判性解释,34,14,0.3677479900976042,0.24651317617764976,0.4911421626818454,"participant resampling, fixed topic model"
RQ3,2,2,回答展开与任务要求意识,34,7,0.22973748808468322,0.12289604704267278,0.34047489428423844,"participant resampling, fixed topic model"
RQ3,2,3,有限收获与改变写法的反思,34,9,0.2375601226470872,0.1340702213080442,0.3519351917703239,"participant resampling, fixed topic model"
RQ3,2,4,提问策略与自我检查,34,4,0.1649543991706253,0.09142667714872443,0.24423359515579146,"participant resampling, fixed topic model"
RQ3,3,1,研究理解与批判性解释,32,13,0.3839569625225497,0.24893725747618667,0.533612692070369,"participant resampling, fixed topic model"
RQ3,3,2,回答展开与任务要求意识,32,6,0.21258344586010358,0.10224707733838208,0.3403615148489019,"participant resampling, fixed topic model"
RQ3,3,3,有限收获与改变写法的反思,32,5,0.18310048935312814,0.09222172748961263,0.28093135495916904,"participant resampling, fixed topic model"
RQ3,3,4,提问策略与自我检查,32,8,0.2203591022642186,0.11858763832491316,0.33326232218162666,"participant resampling, fixed topic model"
RQ3_extended,1,1,提问与引导策略,38,8,0.16316993322851825,0.08899046376051316,0.24711038827888165,"participant resampling, fixed topic model"
RQ3_extended,1,2,研究理解与解释,38,16,0.4120101426718296,0.29381727497660237,0.5314772322196829,"participant resampling, fixed topic model"
RQ3_extended,1,3,收获评价与情绪挑战（混合）,38,11,0.3052192857088923,0.19890647089973212,0.42648445127069684,"participant resampling, fixed topic model"
RQ3_extended,1,4,回答要求与工作表体验,38,3,0.11960063839075992,0.055143025048268485,0.1929184716533747,"participant resampling, fixed topic model"
RQ3_extended,2,1,提问与引导策略,34,3,0.18513946858287764,0.11256005346009032,0.27677707828869386,"participant resampling, fixed topic model"
RQ3_extended,2,2,研究理解与解释,34,16,0.4274948961991978,0.2886903774952645,0.5574025071074831,"participant resampling, fixed topic model"
RQ3_extended,2,3,收获评价与情绪挑战（混合）,34,10,0.23622548540334004,0.1304066155132611,0.35524665744551115,"participant resampling, fixed topic model"
RQ3_extended,2,4,回答要求与工作表体验,34,5,0.1511401498145845,0.06441018419257452,0.25416426154094157,"participant resampling, fixed topic model"
RQ3_extended,3,1,提问与引导策略,32,8,0.21941602583825526,0.10731332888096502,0.34150432091095806,"participant resampling, fixed topic model"
RQ3_extended,3,2,研究理解与解释,32,14,0.4397956037253622,0.2992460701888399,0.5912374218436791,"participant resampling, fixed topic model"
RQ3_extended,3,3,收获评价与情绪挑战（混合）,32,4,0.1657279735845521,0.07951643385669523,0.26684887549724756,"participant resampling, fixed topic model"
RQ3_extended,3,4,回答要求与工作表体验,32,6,0.17506039685183045,0.07324038108292566,0.28464456258829657,"participant resampling, fixed topic model"
RQ3_extended,4,1,提问与引导策略,30,7,0.2274861269878977,0.12728996104852094,0.33647784786301405,"participant resampling, fixed topic model"
RQ3_extended,4,2,研究理解与解释,30,2,0.12191898527991434,0.05838835235630485,0.19906120579380174,"participant resampling, fixed topic model"
RQ3_extended,4,3,收获评价与情绪挑战（混合）,30,14,0.46788689823786045,0.3508726887300468,0.5923762932080125,"participant resampling, fixed topic model"
RQ3_extended,4,4,回答要求与工作表体验,30,7,0.18270798949432748,0.09798965978368937,0.2752189030659709,"participant resampling, fixed topic model"
